Name;Surname
Abigail;Jones
Adam;Wong
Aiden;Garcia
Alex;Martin
Alice;Lee
Alyssa;Davis
Amelia;Clark
Andrew;Kim
Anna;Baker
Anthony;Nguyen
Aria;Hernandez
Arianna;Lopez
Avery;Green
Benjamin;Taylor
Brandon;Gomez
Brianna;Lewis
Caleb;Walker
Camila;Hall
Cameron;Young
Caroline;Allen
Carter;Hill
Chase;Scott
Christopher;Wright
Clara;Adams
Connor;Perez
Daniel;Carter
David;Mitchell
Dylan;Parker
Ella;Edwards
Emily;Collins
Emma;Stewart
Ethan;Sanchez
Evelyn;Morris
Gabriel;Rogers
Gavin;Reed
Grace;Cook
Hailey;Morgan
Hannah;Bell
Henry;Murphy
Isabella;Bailey
Jack;Rivera
Jackson;Cooper
Jacob;Richardson
James;Ward
Jasmine;Torres
Jayden;Peterson
Jeremiah;Gray
Jessica;Ramirez
John;James
Jonathan;Watson
Jordan;Brooks
Joseph;Kelly
Joshua;Sanders
Julia;Nelson
Justin;Gutierrez
Kaitlyn;Mitchell
Kaylee;Turner
Kevin;Campbell
Landon;Perez
Lauren;Parker
Leah;Evans
Leo;Phillips
Levi;Collins
Liam;Mitchell
Lila;Sanchez
Liliana;Garcia
Lillian;Jackson
Lily;Harris
Logan;Gonzalez
Lucas;Hernandez
Lucy;Clark
Luna;Green
Mackenzie;Hill
Madeline;Morales
Madison;King
Makayla;Allen
Mason;Walker
Matthew;Russell
Mia;Anderson
Miguel;Cruz
Natalie;Carter
Nathan;Flores
Nicholas;Garcia
Noah;Martinez
Oliver;Allen
Olivia;Johnson
Owen;Davis
Parker;Miller
Penelope;Baker
Ryan;Gonzalez
Sadie;Rodriguez
Samantha;Cooper
Samuel;Ramirez
Sara;Bell
Savannah;Turner
Sebastian;Stewart
Sofia;Rivera
Sophia;Smith
William;Roberts
Wyatt;Hernandez
Xavier;Lee
Zoe;Gonzalez
